Category,Amount,Percentage,Total Income,Savings,Pct_of_total
travel,3700,37.0,5000.0,2150.0,64.91228070175438
food,1500,15.0,5000.0,2150.0,26.31578947368421
education,500,10.0,5000.0,2300.0,8.771929824561402
